<?xml version="1.0" encoding="utf-8"?>
<!--
    NOTICE:

    This context is usually accessed via authenticated callers on the sip profile on port 5060
    or transfered callers from the public context which arrived via the sip profile on port 5080.

    Authenticated users will use the user_context variable on the user to determine what context
    they can access.  You can also add a user in the directory with the cidr= attribute acl.conf.xml
    will build the domains ACL using this value.
-->
<!-- http://wiki.freeswitch.org/wiki/Dialplan_XML -->
<include>
  <context name="default">

    <extension name="extension-intercom">
      <condition field="destination_number" expression="^8(10[01][0-9])$">
	<action application="set" data="dialed_extension=$1"/>
	<action application="export" data="sip_auto_answer=true"/>
	<action application="bridge" data="user/${dialed_extension}@${domain_name}"/>
      </condition>
    </extension>

    <!--
	 dial the extension (1000-1019) for 30 seconds and go to voicemail if the
	 call fails (continue_on_fail=true), otherwise hang up after a successful
	 bridge (hangup_after_bridge=true)
    -->
    <extension name="Local_Extension">
      <condition field="destination_number" expression="^(1[01][0-9])$">
	<action application="export" data="dialed_extension=$1"/>
	<action application="set" data="ringback=${us-ring}"/>
	<action application="set" data="call_timeout=60"/>
	<action application="set" data="hangup_after_bridge=true"/>
	<!--<action application="set" data="continue_on_fail=NORMAL_TEMPORARY_FAILURE,USER_BUSY,NO_ANSWER,TIMEOUT,NO_ROUTE_DESTINATION"/> -->
	<action application="bridge" data="user/${dialed_extension}@${domain_name}"/>
      </condition>
    </extension>

    <extension name="group_dial_sales">
      <condition field="destination_number" expression="^2000$">
	<action application="bridge" data="${group_call(sales@${domain_name})}"/>
      </condition>
    </extension>

    <!--
	 This extension is used by mod_portaudio so you can pa call sip:someone@example.com
	 mod_portaudio will pass the entire string to the dialplan for routing.
    -->
    <extension name="sip_uri">
      <condition field="destination_number" expression="^sip:(.*)$">
	<action application="bridge" data="sofia/${use_profile}/$1"/>
      </condition>
    </extension>

    <extension name="rtp_multicast_page">
      <condition field="destination_number" expression="^pagegroup$|^7243$">
	<action application="answer"/>
	<action application="esf_page_group"/>
      </condition>
    </extension>

    <!--
	You can place files in the default directory to get included.
    -->
    <X-PRE-PROCESS cmd="include" data="default/*.xml"/>

  </context>
</include>
